{"cameraMode":{"drawMode":0,"name":"Shaded","section":"Shading Mode"},"sceneLighting":true,"audioPlay":false,"sceneViewState":{"showFog":true,"showMaterialUpdate":false,"showSkybox":true,"showFlares":true,"showImageEffects":true,"showParticleSystems":true},"in2DMode":false,"pivot":{"x":16.09215545654297,"y":6.1921210289001469,"z":-1.3753299713134766},"rotation":{"x":-0.02059393934905529,"y":0.9640081524848938,"z":0.2533506453037262,"w":0.07825829088687897},"size":17.895389556884767,"orthographic":true}