{"cameraMode":{"drawMode":0,"name":"Shaded","section":"Shading Mode"},"sceneLighting":true,"audioPlay":false,"sceneViewState":{"showFog":true,"showMaterialUpdate":false,"showSkybox":true,"showFlares":true,"showImageEffects":true,"showParticleSystems":true},"in2DMode":false,"pivot":{"x":-168.01708984375,"y":-215.0476837158203,"z":-317.92724609375},"rotation":{"x":-0.07250753045082092,"y":0.9271117448806763,"z":-0.2734438478946686,"w":-0.24583685398101808},"size":269.611328125,"orthographic":false}